{
    "name": "Cube.002Geometry",
    "normals": [0.172948,-0.061281,-0.983001,0.173925,-0.061617,0.982818,-0.000519,0.483718,0.87521,-0.000488,0.468429,-0.88348,0,0,1,0.37431,-0.008393,0.927244,0.703513,-0.339579,0.624287,0.707083,0,0.707083,-0.37788,0.000153,0.92584,0,0,-1,-0.37788,0.000153,-0.92584,-0.707083,0,-0.707083,-0.707083,0,0.707083,-0.707968,-0.333262,0.622608,-0.001007,-0.472915,-0.8811,-0.707968,-0.333262,-0.622608,0.365398,0.003998,-0.930815,-0.001007,-0.472915,0.8811,-0.175817,0.063265,0.98236,0.707083,0,-0.707083,0.70806,-0.341777,-0.617908,-0.708304,0.332804,-0.622486,-0.708487,0.332896,0.622242,0.17481,0.062471,0.982604,0.17481,0.062471,-0.982604,-0.708182,0.000183,-0.706015,-0.704856,0.000153,0.709311,0.577349,0.577349,-0.577349,0.577349,0.577349,0.577349,0.709037,0.31138,-0.632649,0.704886,0.363628,0.608997,0.577349,-0.577349,0.577349,0.577349,-0.577349,-0.577349,-0.577349,0.577349,0.577349,-0.577349,0.577349,-0.577349,-0.578326,-0.576739,-0.576952,-0.578082,-0.576495,0.577441,-0.174444,-0.062014,0.982696,0,0.707083,0.707083,0,0.707083,-0.707083,-0.175817,0.063265,-0.98236,0,-0.707083,0.707083,0,-0.707083,-0.707083,-0.173467,-0.061678,-0.982879],
    "uvs": [],
    "faces": [33,21,23,6,3,0,1,2,3,33,4,8,33,51,4,5,6,7,33,9,0,16,13,4,4,8,4,33,12,17,1,5,9,10,9,9,33,5,1,3,2,9,9,3,9,33,46,21,3,1,11,0,3,9,33,16,0,47,19,8,4,12,13,33,4,9,10,8,4,4,4,5,33,0,9,4,6,4,4,4,2,33,12,5,11,14,9,9,9,14,33,19,18,17,16,13,15,10,8,33,11,5,2,7,9,9,9,16,33,10,15,27,55,4,17,18,7,33,7,2,50,32,16,9,19,20,33,40,41,16,17,21,22,8,10,33,39,37,14,15,23,24,14,17,33,37,42,12,14,24,25,9,14,33,42,40,17,12,25,21,10,9,33,43,39,15,13,26,23,17,4,33,41,43,13,16,22,26,4,8,33,50,52,53,51,19,27,28,7,33,51,33,32,50,7,6,20,19,33,54,28,29,55,19,29,30,7,33,54,55,57,56,19,7,31,32,33,46,47,49,48,11,12,33,34,33,47,46,18,19,12,11,15,13,33,42,44,45,43,25,35,36,26,33,43,41,40,42,26,22,21,25,33,9,13,15,10,4,4,17,4,33,8,10,55,29,5,4,7,30,33,0,6,23,47,4,2,1,12,33,7,8,29,28,16,5,30,29,33,11,7,28,54,9,16,29,19,33,18,46,1,17,15,11,9,10,33,6,4,51,35,2,4,7,37,33,31,30,22,20,38,39,39,38,33,15,14,24,27,17,14,40,18,33,56,57,26,25,32,31,41,42,33,54,56,25,24,19,32,42,40,33,57,55,27,26,31,7,18,41,33,2,3,34,50,9,3,43,19,33,51,53,31,35,7,28,38,37,33,53,52,30,31,28,27,39,38,33,14,11,54,24,14,9,19,40,33,34,35,23,21,43,37,1,0,33,52,50,34,30,27,19,43,39,33,8,7,32,33,5,16,20,6,33,3,6,35,34,3,2,37,43,33,27,24,37,39,18,40,24,23,33,26,27,39,36,41,18,23,41,33,24,25,38,37,40,42,42,24,33,38,36,45,44,42,41,36,35,33,36,39,43,45,41,23,26,36,33,37,38,44,42,24,42,35,25,33,23,20,49,47,1,38,33,12,33,22,21,46,48,39,0,11,34,33,20,22,48,49,38,39,34,33,33,25,26,36,38,42,41,41,42,33,35,31,20,23,37,38,38,1,33,30,34,21,22,39,43,0,39],
    "metadata": {
        "version": 3,
        "normals": 44,
        "uvs": 0,
        "type": "Geometry",
        "faces": 60,
        "generator": "io_three",
        "vertices": 58
    },
    "vertices": [13.3229,-0.054812,-0.314961,13.3229,-0.054812,0.314961,12.8249,-0.098999,0.314961,13.0725,-0.242292,0.314961,12.8235,-0.102889,-0.314961,13.0768,0.107453,0.314962,13.0725,-0.26106,-0.314961,12.6537,0.103706,0.314961,12.6537,0.08247,-0.314961,13.0941,0.133431,-0.314961,12.8653,0.321674,-0.314961,12.8653,0.321674,0.314961,13.3287,0.313904,0.314962,13.3271,0.309444,-0.314961,13.1216,0.487485,0.314961,13.1216,0.487485,-0.314961,13.5391,0.145657,-0.314961,13.5391,0.145657,0.314961,16.802,-2.55228,0.314961,16.802,-2.55228,-0.314961,16.3628,-3.5005,-0.314961,16.3628,-2.91689,0.314961,16.3628,-3.5005,0.314961,16.3628,-2.91689,-0.314961,9.86057,3.18362,0.314961,9.86057,3.72019,0.314961,9.86057,3.72019,-0.314961,9.86057,3.18362,-0.314961,9.38632,2.77851,0.314961,9.38632,2.6985,-0.314961,9.79693,-3.5005,0.314961,9.79693,-3.5005,-0.314961,9.38632,-2.50239,0.314961,9.38632,-2.50239,-0.314961,9.79693,-2.91689,0.314961,9.79693,-2.91689,-0.314961,16.4112,3.72019,-0.31496,16.4112,3.18362,0.314962,16.4112,3.72019,0.314962,16.4112,3.18362,-0.31496,16.8071,2.84295,0.314962,16.8071,2.84295,-0.31496,16.8079,3.18362,0.314962,16.8049,3.17525,-0.314961,16.8079,3.72019,0.314962,16.8079,3.72019,-0.31496,16.802,-2.91689,0.314961,16.802,-2.91689,-0.314961,16.802,-3.5005,0.314961,16.802,-3.5005,-0.314961,9.38632,-2.91689,0.314961,9.38632,-2.91689,-0.314961,9.38632,-3.5005,0.314961,9.38632,-3.5005,-0.314961,9.38632,3.18362,0.314961,9.38632,3.18362,-0.314961,9.38632,3.72019,0.314961,9.38632,3.72019,-0.314961]
}